,DC,CC,BC,EVC,DC_RANK,CC_RANK,BC_RANK,EVC_RANK,COMPOSITE_RANK
reddit.com,0.7145584725536993,0.723030167293495,0.24725666842368654,0.38100746780278427,1.0,1.0,1.0,1.0,1.0
technology,0.49331742243436755,0.5786401018813527,0.03196044241632708,0.26525780345381,2.0,2.0,2.0,6.0,48.0
politics,0.4911694510739857,0.5769168597145076,0.028105795226148093,0.3145676760358095,3.0,3.0,4.0,2.0,72.0
pics,0.48257756563245824,0.5725324377280768,0.025069712006122864,0.29190067337484454,4.0,4.0,6.0,3.0,288.0
funny,0.4701670644391408,0.5659612181798622,0.02099764612575652,0.28035568242338066,5.0,5.0,9.0,4.0,900.0
science,0.46706443914081147,0.5644300015645993,0.020521716147351193,0.2739193930324083,6.0,6.0,10.0,5.0,1800.0
programming,0.4534606205250597,0.5573543274800452,0.029463735908053686,0.22096428384929703,9.0,9.0,3.0,10.0,2430.0
entertainment,0.458472553699284,0.5604641780363504,0.024710713187621358,0.2517148134872599,7.0,7.0,7.0,9.0,3087.0
worldnews,0.4575178997613365,0.5601169263770962,0.021666471829507213,0.2596810494659571,8.0,8.0,8.0,7.0,3584.0
business,0.44105011933174226,0.552472226017091,0.026987943152577517,0.21951613153134375,11.0,11.0,5.0,11.0,6655.0
