,DC,CC,BC,EVC,DC_RANK,CC_RANK,BC_RANK,EVC_RANK,COMPOSITE_RANK
reddit.com,1.0,1.0,0.0,0.38571339444072206,20.0,20.0,20.0,1.0,8000.0
politics,1.0,1.0,0.0,0.31828121960640077,20.0,20.0,20.0,2.0,16000.0
pics,1.0,1.0,0.0,0.29506328474287136,20.0,20.0,20.0,3.0,24000.0
funny,1.0,1.0,0.0,0.2833409732607922,20.0,20.0,20.0,4.0,32000.0
science,1.0,1.0,0.0,0.27688227229575363,20.0,20.0,20.0,5.0,40000.0
technology,1.0,1.0,0.0,0.26817997363559254,20.0,20.0,20.0,6.0,48000.0
worldnews,1.0,1.0,0.0,0.2625524925473099,20.0,20.0,20.0,7.0,56000.0
WTF,1.0,1.0,0.0,0.25688293440602755,20.0,20.0,20.0,8.0,64000.0
entertainment,1.0,1.0,0.0,0.2542214371047979,20.0,20.0,20.0,9.0,72000.0
programming,1.0,1.0,0.0,0.22358056378534552,20.0,20.0,20.0,10.0,80000.0
