,DC,CC,BC,EVC,DC_RANK,CC_RANK,BC_RANK,EVC_RANK,COMPOSITE_RANK
reddit.com,0.07637231503579953,0.07641777474713035,0.0012401538290408819,0.38102882993748227,1.0,1.0,1.0,1.0,1.0
politics,0.06778042959427208,0.06865340191186042,0.00029278956036855907,0.3145858616879812,2.0,2.0,4.0,2.0,32.0
pics,0.06730310262529833,0.06828822424211649,0.00030884967657732014,0.2919164942714772,3.0,3.0,3.0,3.0,81.0
funny,0.06682577565632458,0.06774768420853773,0.00025816437739769737,0.2803707859921026,4.0,4.5,5.0,4.0,360.0
technology,0.06658711217183771,0.06774768420853773,0.0002520957121261306,0.2652714862294311,5.0,4.5,6.0,6.0,810.0
science,0.06610978520286397,0.06721563433255445,0.0002333359846879741,0.27393357793622686,6.0,6.0,7.0,5.0,1260.0
programming,0.06300715990453461,0.06516845765237513,0.00039701643541410834,0.22097440899084805,10.0,10.0,2.0,10.0,2000.0
worldnews,0.06515513126491647,0.06669187614295012,0.00022096329785706623,0.2596946722940123,7.0,7.0,9.0,7.0,3087.0
WTF,0.0649164677804296,0.06634721528433023,0.0002300843642049527,0.25438246035316625,8.0,8.0,8.0,8.0,4096.0
entertainment,0.06420047732696897,0.06600609849623598,0.00019920543426888308,0.25172791342054396,9.0,9.0,10.0,9.0,7290.0
