,Betweenness Centrality,Constraint,Broker Coefficient
reddit.com,0.21691263710984557,1.0,0.21691263710984557
technology,0.02636397752629168,1.0,0.02636397752629168
programming,0.025610611510442225,1.0,0.025610611510442225
business,0.02555409465692675,1.0,0.02555409465692675
entertainment,0.021284463771542778,1.0,0.021284463771542778
politics,0.020418800269026777,1.0,0.020418800269026777
pics,0.01991732143085835,1.0,0.01991732143085835
worldnews,0.017213092772788506,1.0,0.017213092772788506
funny,0.015591154432426629,1.0,0.015591154432426629
science,0.01469230766349184,1.0,0.01469230766349184
